<?xml version="1.0"?>
<!-- Game settings -->

<settings>
	<game name="Donjon Prototype" />
   <renderer width="1024" height="768"/>

   <!-- sprites -->
   
   <sprites path="Media\Images">
     <sprite name="background" file="background.png"/>
	 <sprite name="deathscreen" file="deathScreen.png"/>
	 <sprite name="victory" file="victory.png"/>
	 <sprite name="intro" file="intro.png"/>
	 <sprite name="player2" file="player1.png"/>
	 <sprite name="playgray" file="playgray.png"/>
	 <sprite name="playgold" file="playgold.png"/>
     <sprite name="tile" file="tile" ext ="tif" frames="8"/>
     <sprite name="player" file="player.png"/>
     <sprite name="turret" file="turret.tif"/>
     <sprite name="greenline" file="greenline.tif"/>
	 <sprite name="door" file="door.tif"/>
     <sprite name="bullet" file="bullet.tif"/>
     <sprite name="bullet2" file="bullet2.tif"/>
	 <sprite name="swoosh" file="swoosh.tif"/>
     <sprite name="blood" file="blood.tif"/>
	 <sprite name="smoke" file="graysmoke.tif"/>
     <sprite name="spark" file="spark.png"/>
   </sprites>

   <!-- sound -->
  
   <sounds  path="Media\Sounds">
     <sound file="bowWhoosh.wav" instances="8"/>
     <sound file="cupboardDoor.wav" instances="8"/>
     <sound file="generic1.wav" instances="8"/>
     <sound file="metalPong.wav" instances="8"/>
	 <sound file="swoosh.wav" instances="8"/>
	 <sound file="sword.wav" instances="8"/>
	 <sound file="doorCreak.wav" instances="8"/>
	 <sound file="doorSlam.wav" instances="8"/>
   </sounds>
</settings>
